insert into subjects(id, name, type) values
('1', 'jarlfqqqao', 'credit'),
('2', 'xvmmbdwaww', 'credit'),
('3', 'ayiqnbivkx', 'credit'),
('4', 'zgvxziqcwl', 'exam'),
('5', 'cuyofmomab', 'exam'),
('6', 'nyobjccpxm', 'exam'),
('7', 'tsprttqmzj', 'credit'),
('8', 'znkdhquguy', 'exam'),
('9', 'butqeuybna', 'credit'),
('10', 'jhswdzvwdl', 'credit'),
('11', 'mgadmykbsg', 'credit'),
('12', 'jxbzxfwcpy', 'credit'),
('13', 'sdbecrpupk', 'exam'),
('14', 'arhrmqqknu', 'exam'),
('15', 'wxyhqdqybt', 'exam'),
('16', 'syfuytunie', 'exam'),
('17', 'czsyzxltbh', 'exam'),
('18', 'voddykeksa', 'credit'),
('19', 'xuzlrdclhm', 'credit'),
('20', 'lgjabtbwhn', 'exam'),
('21', 'xugkxldkeg', 'credit'),
('22', 'kvhmvcypes', 'credit'),
('23', 'rnkvnmwkmr', 'exam'),
('24', 'lejcdpxdqj', 'exam'),
('25', 'rfydbspthj', 'credit'),
('26', 'pjaxjlelcl', 'exam'),
('27', 'cobtynvgkv', 'credit'),
('28', 'rmbwqotmon', 'exam'),
('29', 'bqhsefzlwa', 'exam'),
('30', 'hbltdqxdwj', 'credit'),
('31', 'kfulqjegqy', 'credit'),
('32', 'ckqetduyen', 'credit'),
('33', 'kvqxhlnlvg', 'credit'),
('34', 'ljeegybfan', 'exam'),
('35', 'xjmnxermvx', 'credit'),
('36', 'onxdbsgiqs', 'exam'),
('37', 'exxtdkxafi', 'credit'),
('38', 'fxkzaadnio', 'exam'),
('39', 'qpuifvlsiw', 'exam'),
('40', 'sszvepvdoh', 'exam'),
('41', 'ukulwzqbdk', 'credit'),
('42', 'oaachzdxxm', 'credit'),
('43', 'dvodikddfi', 'exam'),
('44', 'cfqshpvneu', 'credit'),
('45', 'jwyksacswb', 'exam'),
('46', 'gihbegynbn', 'exam'),
('47', 'lovmujdqhv', 'credit'),
('48', 'hplisqjekb', 'credit'),
('49', 'olepsjoxxu', 'exam'),
('50', 'wuepuvzral', 'credit'),
('51', 'fdumfcdrhs', 'exam'),
('52', 'czkgqfszyw', 'credit'),
('53', 'mtwxwgjyvu', 'exam'),
('54', 'dkgwwhywkl', 'exam'),
('55', 'nxaoznpozo', 'exam'),
('56', 'aozvbmoihr', 'credit'),
('57', 'txouzhkwir', 'exam'),
('58', 'ildliozrtt', 'credit'),
('59', 'fbcyidmqpa', 'exam'),
('60', 'ufwurucmbb', 'exam'),
('61', 'dcrdwwjgvq', 'credit'),
('62', 'pugrnqsosl', 'credit'),
('63', 'ovfocmrsga', 'credit'),
('64', 'tyfgferdxm', 'credit'),
('65', 'qxoexgyybp', 'credit'),
('66', 'tuesgzjbkw', 'exam'),
('67', 'ftlnsiwgll', 'credit'),
('68', 'zektvjroau', 'credit'),
('69', 'swznkorzjy', 'credit'),
('70', 'wlcajuufiy', 'credit'),
('71', 'kexcoyycyh', 'exam'),
('72', 'nbmjppkzqt', 'exam'),
('73', 'qqkdpdzhlq', 'credit'),
('74', 'uewiucibrl', 'exam'),
('75', 'hlafooyvzn', 'exam'),
('76', 'htbaxlpcdc', 'credit'),
('77', 'aelwlqjwrx', 'credit'),
('78', 'gxaewtrqew', 'credit'),
('79', 'cajjmshcri', 'exam'),
('80', 'aqyiykcheh', 'exam'),
('81', 'ffgfqubgyy', 'exam'),
('82', 'evnldyivva', 'exam'),
('83', 'wydjptxljd', 'credit'),
('84', 'eontapncbv', 'credit'),
('85', 'orkparwbcf', 'exam'),
('86', 'fcqsimgayj', 'credit'),
('87', 'zbnrqlfjjt', 'credit'),
('88', 'bjhysnxbid', 'credit'),
('89', 'gpgllevlcn', 'credit'),
('90', 'owixxxnhhw', 'exam'),
('91', 'oqtzbqtxzr', 'credit'),
('92', 'mmrflmhicn', 'credit'),
('93', 'ugayzjfkyy', 'exam'),
('94', 'bkapjbbjwf', 'credit'),
('95', 'ftbseswjmo', 'exam'),
('96', 'ixreklnqjl', 'credit'),
('97', 'vpgllioiqm', 'exam'),
('98', 'mlkcokzezr', 'exam'),
('99', 'fydgtgybww', 'credit'),
('100', 'jvdravlwie', 'credit');

insert into students (firstname, middle_name, lastname, book, group_id) values
('doa', 'shwgxc', 'zftfga', 95136, 431),
('xsy', 'kxobgkn', 'etuosbt', 10594, 431),
('yzsxb', 'xeqwdn', 'njmgjltk', 40725, 431),
('pur', 'kchvjnpli', 'uvkoglijn', 69634, 431),
('ckhphk', 'bauvlb', 'zuzefc', 88666, 431),
('pmmpp', 'vnbfeznhr', 'ybklqbngqxx', 33057, 431),
('mypl', 'unqibdn', 'rzvjns', 96204, 431),
('yoi', 'oiknwvsrfpvrt', 'tgtgsqjuu', 93930, 431),
('coasfeukkfk', 'cxcqgciuvntv', 'ybwodgadgipidp', 66467, 431),
('bikpqfgjamq', 'dpptbbgbvge', 'lmcweymfjvb', 48229, 431),

('cxw', 'vjssfs', 'iaygur', 74816, 433),
('yvf', 'juxzvkn', 'cnqdjms', 80206, 433),
('jtlnq', 'razgwn', 'qseqqceg', 53971, 433),
('kks', 'ntqamkykl', 'zdgoncvvp', 58339, 433),
('ssczhp', 'muxxed', 'xterwd', 69166, 433),
('yjbbm', 'xviijwlqa', 'xewkmmopbyg', 11425, 433),
('szmm', 'jzdmivd', 'mozfol', 81431, 433),
('brp', 'zoilgbhddjnxl', 'spnolqpco', 95884, 433),
('wlcexbcvfbw', 'zhyyuaiwougs', 'ofbvkfwpathjor', 39746, 433),
('bdstzzojycu', 'codyaqrvjep', 'qctlnosjnwr', 94471, 433),

('vot', 'sqzwwk', 'bvijug', 66938, 244),
('lie', 'nwzzdvi', 'uxlmaxk', 810, 244),
('hcauw', 'dwztlr', 'jauriddb', 65869, 244),
('nwo', 'xoksabosl', 'rygjeesdx', 1823, 244);

insert into students (id, firstname, middle_name, lastname, book, group_id) values (25, 'Artem', 'Satanovsky', 'Dmitrievich', 123123, 1);
insert into results (student_id, subject_id, attempt, status, is_required) values (25, 18, '1', 'failed', true);
insert into results (student_id, subject_id, attempt, status, is_required) values (25, 4, '1', 'need', true);
insert into dependencies(subject_id, depends_of, is_required) values (4, 18, true);

insert into group_subj(group_id, subject_id, is_required) values (1, 18, true);
insert into group_subj(group_id, subject_id, is_required) values (1, 4, true);

insert into results (student_id, subject_id, attempt, status, is_required) values
(12, 18, '2', 'need', 'false'),
(22, 13, '2', 'passed', 'false'),
(3, 65, '3', 'passed', 'false'),
(4, 94, '2', 'failed', 'true'),
(14, 11, '3', 'need', 'true'),
(7, 38, '3', 'passed', 'true'),
(14, 69, '1', 'passed', 'false'),
(13, 95, '3', 'passed', 'false'),
(22, 71, '2', 'passed', 'false'),
(7, 89, '2', 'need', 'false'),
(4, 79, '3', 'passed', 'false'),
(21, 29, '1', 'need', 'true'),
(11, 49, '2', 'passed', 'false'),
(16, 80, '3', 'failed', 'true'),
(12, 94, '1', 'failed', 'true'),
(21, 33, '2', 'passed', 'true'),
(15, 82, '2', 'failed', 'true'),
(5, 85, '2', 'need', 'true'),
(11, 93, '2', 'passed', 'true'),
(23, 39, '2', 'passed', 'false'),
(23, 15, '1', 'need', 'false'),
(3, 69, '2', 'failed', 'true'),
(5, 68, '1', 'need', 'false'),
(4, 51, '1', 'need', 'true'),
(17, 17, '3', 'failed', 'false'),
(5, 95, '3', 'need', 'true'),
(9, 29, '3', 'failed', 'false'),
(20, 8, '2', 'passed', 'true'),
(4, 17, '2', 'failed', 'true'),
(24, 85, '2', 'failed', 'true'),
(23, 71, '2', 'passed', 'true'),
(8, 35, '3', 'failed', 'true'),
(16, 35, '3', 'passed', 'false'),
(7, 19, '1', 'need', 'false'),
(21, 42, '1', 'passed', 'true'),
(23, 93, '1', 'failed', 'true'),
(21, 14, '2', 'failed', 'true'),
(16, 7, '2', 'failed', 'true'),
(20, 25, '3', 'passed', 'false'),
(14, 19, '2', 'failed', 'true'),
(2, 84, '2', 'passed', 'true'),
(15, 51, '1', 'need', 'false'),
(7, 8, '1', 'need', 'false'),
(10, 34, '2', 'need', 'true'),
(8, 42, '1', 'need', 'true'),
(1, 45, '3', 'passed', 'false'),
(8, 72, '2', 'passed', 'true'),
(17, 52, '2', 'passed', 'false'),
(24, 43, '2', 'passed', 'true'),
(16, 6, '2', 'passed', 'true'),
(20, 42, '3', 'failed', 'false'),
(6, 48, '2', 'failed', 'false'),
(6, 62, '3', 'need', 'false'),
(11, 84, '3', 'need', 'true'),
(22, 79, '1', 'failed', 'true'),
(2, 91, '1', 'failed', 'true'),
(16, 41, '1', 'passed', 'false'),
(21, 4, '1', 'failed', 'true'),
(14, 78, '3', 'passed', 'true'),
(5, 36, '1', 'failed', 'false'),
(13, 85, '3', 'passed', 'true'),
(19, 10, '3', 'passed', 'false'),
(17, 63, '2', 'need', 'true'),
(2, 68, '1', 'need', 'true'),
(7, 70, '1', 'need', 'false'),
(12, 60, '3', 'need', 'false'),
(17, 96, '3', 'passed', 'false'),
(22, 45, '2', 'need', 'false'),
(6, 54, '3', 'need', 'true'),
(20, 10, '3', 'passed', 'false'),
(18, 36, '2', 'failed', 'true'),
(9, 71, '1', 'failed', 'true'),
(10, 76, '1', 'failed', 'false'),
(11, 79, '3', 'failed', 'false'),
(8, 76, '1', 'failed', 'true'),
(18, 4, '3', 'passed', 'true'),
(24, 96, '2', 'need', 'true'),
(24, 63, '3', 'passed', 'false'),
(6, 35, '1', 'passed', 'false'),
(16, 4, '1', 'need', 'false'),
(18, 31, '1', 'need', 'false'),
(6, 25, '1', 'need', 'false'),
(7, 26, '1', 'need', 'true'),
(5, 53, '1', 'failed', 'false'),
(9, 4, '3', 'need', 'false'),
(19, 14, '1', 'passed', 'true'),
(22, 99, '3', 'passed', 'false'),
(6, 38, '3', 'failed', 'true'),
(9, 99, '1', 'need', 'true'),
(22, 78, '2', 'failed', 'false'),
(14, 43, '2', 'passed', 'false'),
(22, 60, '1', 'passed', 'true'),
(20, 82, '3', 'passed', 'true'),
(22, 44, '2', 'passed', 'true'),
(24, 36, '3', 'need', 'false'),
(17, 29, '2', 'failed', 'true'),
(3, 91, '1', 'need', 'true'),
(12, 14, '1', 'need', 'true'),
(18, 51, '2', 'passed', 'false'),
(22, 17, '2', 'passed', 'true'),
(16, 65, '3', 'passed', 'false'),
(20, 17, '1', 'need', 'true'),
(6, 99, '1', 'need', 'false'),
(19, 37, '1', 'passed', 'false'),
(22, 9, '2', 'need', 'true'),
(15, 59, '2', 'failed', 'false'),
(16, 63, '3', 'need', 'true'),
(24, 1, '2', 'passed', 'true'),
(12, 40, '3', 'passed', 'true'),
(3, 54, '2', 'need', 'false'),
(15, 45, '1', 'failed', 'true'),
(8, 10, '1', 'need', 'false'),
(16, 4, '2', 'failed', 'true'),
(8, 89, '2', 'failed', 'false'),
(18, 100, '3', 'failed', 'false'),
(6, 71, '1', 'need', 'true'),
(23, 14, '2', 'passed', 'true'),
(17, 15, '2', 'need', 'true'),
(11, 72, '1', 'need', 'false'),
(15, 58, '3', 'failed', 'false'),
(13, 85, '2', 'failed', 'false'),
(18, 79, '3', 'failed', 'true'),
(16, 65, '1', 'failed', 'false'),
(2, 75, '3', 'need', 'true'),
(22, 94, '2', 'failed', 'true'),
(16, 88, '2', 'failed', 'true'),
(7, 77, '2', 'need', 'false'),
(6, 89, '3', 'passed', 'false'),
(17, 59, '1', 'failed', 'true'),
(15, 32, '2', 'failed', 'true'),
(5, 100, '2', 'passed', 'false'),
(11, 95, '2', 'passed', 'true'),
(21, 1, '1', 'need', 'false'),
(19, 45, '3', 'passed', 'true'),
(22, 6, '1', 'need', 'true'),
(13, 80, '1', 'passed', 'false'),
(10, 71, '3', 'need', 'true'),
(11, 4, '1', 'passed', 'false'),
(16, 81, '2', 'need', 'false'),
(4, 64, '3', 'failed', 'false'),
(15, 97, '2', 'need', 'true'),
(14, 16, '1', 'passed', 'false'),
(15, 46, '2', 'need', 'false'),
(22, 47, '1', 'failed', 'true'),
(10, 34, '3', 'need', 'false'),
(14, 33, '2', 'passed', 'false'),
(5, 76, '3', 'failed', 'true'),
(4, 6, '3', 'passed', 'false');

insert into dependencies (subject_id, depends_of, is_required) values
(89, 42, 'true'),
(52, 27, 'false'),
(75, 47, 'false'),
(98, 78, 'true'),
(64, 33, 'true'),
(6, 85, 'true'),
(46, 68, 'true'),
(91, 33, 'true'),
(24, 1, 'true'),
(79, 97, 'false'),
(43, 93, 'false'),
(19, 59, 'false'),
(57, 21, 'true'),
(91, 6, 'false'),
(82, 26, 'false'),
(40, 4, 'true'),
(87, 27, 'false'),
(25, 97, 'false'),
(84, 14, 'false'),
(24, 70, 'false'),
(51, 61, 'false'),
(78, 31, 'true'),
(32, 65, 'false'),
(73, 50, 'true'),
(21, 64, 'false'),
(78, 50, 'false'),
(10, 6, 'false'),
(14, 29, 'true'),
(24, 40, 'false'),
(28, 9, 'false'),
(41, 38, 'true'),
(18, 71, 'false'),
(21, 6, 'false'),
(24, 54, 'true'),
(86, 56, 'true'),
(50, 97, 'false'),
(51, 51, 'true'),
(32, 85, 'false'),
(61, 75, 'false'),
(26, 25, 'false'),
(94, 49, 'false'),
(65, 78, 'false'),
(88, 56, 'false'),
(1, 39, 'true'),
(70, 14, 'true'),
(21, 8, 'false'),
(93, 25, 'true'),
(40, 64, 'false'),
(95, 98, 'false'),
(83, 50, 'false'),
(35, 16, 'false'),
(91, 76, 'true'),
(60, 23, 'false'),
(98, 6, 'false'),
(64, 27, 'false'),
(59, 84, 'true'),
(70, 69, 'false'),
(15, 75, 'false'),
(20, 23, 'true'),
(70, 41, 'true'),
(72, 30, 'false'),
(43, 31, 'true'),
(98, 78, 'true'),
(70, 88, 'false'),
(74, 15, 'true'),
(7, 44, 'true'),
(56, 81, 'false'),
(19, 54, 'false'),
(64, 12, 'false'),
(30, 30, 'false'),
(23, 20, 'true'),
(62, 15, 'false'),
(92, 25, 'false'),
(48, 55, 'false'),
(44, 24, 'true'),
(34, 100, 'false'),
(46, 50, 'true'),
(63, 37, 'false'),
(44, 81, 'false'),
(81, 27, 'false'),
(16, 70, 'true'),
(77, 20, 'false'),
(48, 11, 'true'),
(17, 71, 'false'),
(77, 77, 'false'),
(61, 90, 'true'),
(3, 78, 'true'),
(95, 83, 'true'),
(19, 26, 'false'),
(96, 60, 'true'),
(17, 43, 'false'),
(71, 86, 'true'),
(78, 67, 'true'),
(99, 63, 'true'),
(25, 90, 'false'),
(51, 23, 'false'),
(97, 15, 'false'),
(14, 97, 'true'),
(10, 68, 'false'),
(81, 27, 'false'),
(57, 50, 'true'),
(34, 29, 'true'),
(49, 84, 'true'),
(42, 84, 'false'),
(93, 48, 'true'),
(78, 19, 'false'),
(73, 25, 'false'),
(62, 90, 'false'),
(85, 81, 'true'),
(55, 34, 'false'),
(12, 65, 'true'),
(65, 22, 'true'),
(59, 9, 'false'),
(60, 50, 'false'),
(97, 60, 'false'),
(29, 46, 'false'),
(16, 99, 'true'),
(76, 23, 'false'),
(53, 96, 'false'),
(43, 41, 'false'),
(23, 38, 'true'),
(16, 1, 'true'),
(65, 56, 'true'),
(71, 81, 'true'),
(82, 68, 'true'),
(90, 76, 'false'),
(47, 98, 'true'),
(39, 92, 'true'),
(6, 32, 'false'),
(30, 94, 'false'),
(12, 35, 'false'),
(17, 50, 'false'),
(73, 61, 'false'),
(12, 88, 'false'),
(33, 48, 'true'),
(88, 79, 'false'),
(34, 40, 'false'),
(68, 88, 'true'),
(85, 76, 'false'),
(53, 75, 'true'),
(80, 87, 'false'),
(92, 63, 'true'),
(64, 25, 'false'),
(41, 2, 'true'),
(2, 97, 'true'),
(1, 51, 'false'),
(71, 77, 'true'),
(17, 31, 'false'),
(45, 47, 'false');

insert into group_subj(group_id, subject_id, is_required) values
(244, 1, 'false'),
(244, 90, 'true'),
(433, 83, 'false'),
(433, 14, 'true'),
(431, 39, 'false'),
(431, 65, 'false'),
(431, 42, 'false'),
(431, 48, 'true'),
(433, 66, 'true'),
(433, 20, 'true'),
(244, 14, 'true'),
(433, 30, 'true'),
(431, 30, 'true'),
(244, 36, 'true'),
(244, 15, 'false'),
(244, 68, 'false'),
(431, 78, 'true'),
(244, 76, 'true'),
(433, 47, 'true'),
(244, 4, 'false'),
(431, 18, 'true'),
(244, 6, 'true'),
(433, 99, 'false'),
(431, 16, 'false'),
(431, 93, 'false'),
(433, 17, 'true'),
(431, 54, 'true'),
(433, 82, 'false'),
(244, 26, 'false'),
(431, 68, 'false'),
(244, 83, 'false'),
(431, 90, 'true'),
(433, 48, 'true'),
(433, 23, 'true'),
(433, 89, 'false'),
(433, 85, 'false'),
(431, 85, 'true'),
(244, 88, 'false'),
(433, 87, 'false'),
(433, 33, 'false'),
(431, 87, 'true'),
(433, 22, 'true'),
(244, 73, 'false'),
(433, 96, 'false'),
(431, 82, 'false'),
(431, 31, 'true'),
(431, 94, 'true'),
(433, 21, 'false'),
(431, 47, 'false'),
(244, 11, 'true'),
(433, 42, 'false'),
(244, 85, 'true'),
(431, 56, 'true'),
(244, 35, 'false'),
(244, 51, 'false'),
(431, 51, 'false'),
(431, 13, 'false'),
(431, 61, 'false'),
(244, 27, 'true'),
(433, 56, 'false'),
(431, 67, 'true'),
(431, 41, 'false'),
(244, 5, 'false'),
(433, 62, 'false'),
(433, 52, 'true'),
(433, 49, 'false'),
(431, 86, 'false'),
(244, 92, 'true'),
(433, 9, 'true'),
(244, 21, 'true'),
(433, 19, 'false'),
(433, 6, 'false'),
(431, 4, 'true'),
(433, 2, 'true'),
(431, 72, 'false'),
(431, 79, 'true'),
(431, 10, 'true'),
(433, 1, 'true'),
(244, 64, 'true'),
(431, 22, 'true'),
(431, 8, 'false'),
(433, 75, 'true'),
(431, 52, 'true'),
(431, 53, 'true'),
(244, 54, 'true'),
(431, 29, 'true'),
(433, 91, 'true'),
(433, 25, 'false'),
(244, 23, 'true');
